[{"pk": 5, "model": "contenttypes.contenttype", "fields": {"model": "contenttype", "name": "content type", "app_label": "contenttypes"}}, {"pk": 16, "model": "contenttypes.contenttype", "fields": {"model": "dontsendentry", "name": "don't send entry", "app_label": "mailer"}}, {"pk": 2, "model": "contenttypes.contenttype", "fields": {"model": "group", "name": "group", "app_label": "auth"}}, {"pk": 18, "model": "contenttypes.contenttype", "fields": {"model": "logentry", "name": "log entry", "app_label": "admin"}}, {"pk": 4, "model": "contenttypes.contenttype", "fields": {"model": "message", "name": "message", "app_label": "auth"}}, {"pk": 15, "model": "contenttypes.contenttype", "fields": {"model": "message", "name": "message", "app_label": "mailer"}}, {"pk": 17, "model": "contenttypes.contenttype", "fields": {"model": "messagelog", "name": "message log", "app_label": "mailer"}}, {"pk": 13, "model": "contenttypes.contenttype", "fields": {"model": "order", "name": "order", "app_label": "payment"}}, {"pk": 14, "model": "contenttypes.contenttype", "fields": {"model": "orderstatus", "name": "order status", "app_label": "payment"}}, {"pk": 1, "model": "contenttypes.contenttype", "fields": {"model": "permission", "name": "permission", "app_label": "auth"}}, {"pk": 6, "model": "contenttypes.contenttype", "fields": {"model": "session", "name": "session", "app_label": "sessions"}}, {"pk": 7, "model": "contenttypes.contenttype", "fields": {"model": "site", "name": "site", "app_label": "sites"}}, {"pk": 3, "model": "contenttypes.contenttype", "fields": {"model": "user", "name": "user", "app_label": "auth"}}, {"pk": 12, "model": "contenttypes.contenttype", "fields": {"model": "user", "name": "user", "app_label": "registration"}}, {"pk": 10, "model": "contenttypes.contenttype", "fields": {"model": "brand", "name": "\u0411\u0440\u044d\u043d\u0434", "app_label": "clothes"}}, {"pk": 11, "model": "contenttypes.contenttype", "fields": {"model": "clothes", "name": "\u0412\u0435\u0449\u044c", "app_label": "clothes"}}, {"pk": 9, "model": "contenttypes.contenttype", "fields": {"model": "clientcategory", "name": "\u041a\u0430\u0442\u0435\u0433\u043e\u0440\u0438\u044f \u043a\u043b\u0438\u0435\u043d\u0442\u0430", "app_label": "clothes"}}, {"pk": 8, "model": "contenttypes.contenttype", "fields": {"model": "clothescategory", "name": "\u0422\u0438\u043f \u043e\u0434\u0435\u0436\u0434\u044b", "app_label": "clothes"}}, {"pk": "eeb32f22105c819e67508c2e83cce2f1", "model": "sessions.session", "fields": {"expire_date": "2012-05-26 12:04:02", "session_data": "MmM3ODI1N2E1ZDFkMWMxNThlNGIxZmM3MzBiNTlkNTc2MDYzMzNmYTqAAn1xAShVEl9hdXRoX3Vz\nZXJfYmFja2VuZHECVSlkamFuZ28uY29udHJpYi5hdXRoLmJhY2tlbmRzLk1vZGVsQmFja2VuZHED\nVQ1fYXV0aF91c2VyX2lkcQSKAQF1Lg==\n"}}, {"pk": "ea96fd808d085206b7867b2f8bd6a51c", "model": "sessions.session", "fields": {"expire_date": "2012-05-28 12:36:33", "session_data": "MmM3ODI1N2E1ZDFkMWMxNThlNGIxZmM3MzBiNTlkNTc2MDYzMzNmYTqAAn1xAShVEl9hdXRoX3Vz\nZXJfYmFja2VuZHECVSlkamFuZ28uY29udHJpYi5hdXRoLmJhY2tlbmRzLk1vZGVsQmFja2VuZHED\nVQ1fYXV0aF91c2VyX2lkcQSKAQF1Lg==\n"}}, {"pk": 1, "model": "sites.site", "fields": {"domain": "example.com", "name": "example.com"}}, {"pk": 2, "model": "sites.site", "fields": {"domain": "localhost:8000", "name": "localhost"}}, {"pk": 1, "model": "clothes.clothescategory", "fields": {"name": "\u0412\u0435\u0440\u0445"}}, {"pk": 2, "model": "clothes.clothescategory", "fields": {"name": "\u041d\u0438\u0437"}}, {"pk": 3, "model": "clothes.clothescategory", "fields": {"name": "\u041e\u0431\u0443\u0432\u044c"}}, {"pk": 4, "model": "clothes.clothescategory", "fields": {"name": "\u0410\u043a\u0441\u0435\u0441\u0441\u0443\u0430\u0440\u044b"}}, {"pk": 1, "model": "clothes.clientcategory", "fields": {"name": "Men"}}, {"pk": 2, "model": "clothes.clientcategory", "fields": {"name": "women"}}, {"pk": 3, "model": "clothes.clientcategory", "fields": {"name": "Children"}}, {"pk": 1, "model": "clothes.brand", "fields": {"name": "Adidas", "contacts": "8 775 415 77 11", "colors": "black and white", "manager": 2, "border_image": "/static/suitup/default_brand_border.png", "background": "/static/suitup/default_brand_background.png", "logo": "uploads/brand/logo/adidas/adidas-logo-adidas-37452_1600_1200.jpg", "client_categories": [1, 2, 3], "description": "Sports wear for men and women"}}, {"pk": 2, "model": "clothes.brand", "fields": {"name": "Zara", "contacts": "\u0439\u0446\u0443\u043a\u0435\u043d\u0433\u0448", "colors": "All colors", "manager": 1, "border_image": "/static/suitup/default_brand_border.png", "background": "/static/suitup/default_brand_background.png", "logo": "uploads/brand/logo/zara/zara-logo-blackwhite_1.jpg", "client_categories": [1, 2, 3], "description": "Different styled wear for men, women and children"}}, {"pk": 3, "model": "clothes.brand", "fields": {"name": "Benetton", "contacts": "\u044b\u0432\u0430\u043f\u0440\u043e", "colors": "United", "manager": 3, "border_image": "/static/suitup/default_brand_border.png", "background": "/static/suitup/default_brand_background.png", "logo": "uploads/brand/logo/benetton/benetton_logo.jpg", "client_categories": [2, 3], "description": "United Colors of Benetton"}}, {"pk": 4, "model": "clothes.brand", "fields": {"name": "TopShop", "contacts": "877777777", "colors": "Black and white", "manager": 4, "border_image": "/static/suitup/default_brand_border.png", "background": "/static/suitup/default_brand_background.png", "logo": "uploads/brand/logo/topshop/topshop.jpg", "client_categories": [1, 2], "description": "Clothes for you"}}, {"pk": 5, "model": "clothes.brand", "fields": {"name": "Celio", "contacts": "yuio", "colors": "different", "manager": 5, "border_image": "/static/suitup/default_brand_border.png", "background": "/static/suitup/default_brand_background.png", "logo": "uploads/brand/logo/celio/120.jpg", "client_categories": [1], "description": "Stylish clothes for men only"}}, {"pk": 1, "model": "clothes.clothes", "fields": {"client_category": 1, "price": 9000, "dress_category": 3, "dress_id": "1", "dress_img": "uploads/clothes/adidas1.jpg", "sale_percent": 10, "brand": 1}}, {"pk": 2, "model": "clothes.clothes", "fields": {"client_category": 2, "price": 12000, "dress_category": 3, "dress_id": "2", "dress_img": "uploads/clothes/adidas2.jpg", "sale_percent": 0, "brand": 1}}, {"pk": 3, "model": "clothes.clothes", "fields": {"client_category": 3, "price": 7000, "dress_category": 3, "dress_id": "3", "dress_img": "uploads/clothes/adidas3.jpg", "sale_percent": 0, "brand": 1}}, {"pk": 4, "model": "clothes.clothes", "fields": {"client_category": 2, "price": 10000, "dress_category": 3, "dress_id": "4", "dress_img": "uploads/clothes/adidas4.jpg", "sale_percent": 10, "brand": 1}}, {"pk": 5, "model": "clothes.clothes", "fields": {"client_category": 2, "price": 12000, "dress_category": 1, "dress_id": "5", "dress_img": "uploads/clothes/zara5.jpg", "sale_percent": 10, "brand": 2}}, {"pk": 6, "model": "clothes.clothes", "fields": {"client_category": 2, "price": 100000, "dress_category": 2, "dress_id": "1000", "dress_img": "uploads/clothes/zara1000.jpg", "sale_percent": 5, "brand": 2}}, {"pk": 7, "model": "clothes.clothes", "fields": {"client_category": 2, "price": 30000, "dress_category": 2, "dress_id": "098", "dress_img": "uploads/clothes/topshop098.jpg", "sale_percent": 30, "brand": 4}}, {"pk": 18, "model": "clothes.clothes", "fields": {"client_category": 2, "price": 70900, "dress_category": 1, "dress_id": "566", "dress_img": "uploads/clothes/zara566.jpg", "sale_percent": 5, "brand": 2}}, {"pk": 9, "model": "clothes.clothes", "fields": {"client_category": 2, "price": 200000, "dress_category": 2, "dress_id": "45", "dress_img": "uploads/clothes/topshop45_1.jpg", "sale_percent": 70, "brand": 4}}, {"pk": 16, "model": "clothes.clothes", "fields": {"client_category": 2, "price": 80000, "dress_category": 2, "dress_id": "67", "dress_img": "uploads/clothes/benetton67.jpg", "sale_percent": 0, "brand": 3}}, {"pk": 11, "model": "clothes.clothes", "fields": {"client_category": 2, "price": 200000, "dress_category": 2, "dress_id": "7899", "dress_img": "uploads/clothes/topshop7899_1.jpg", "sale_percent": 70, "brand": 4}}, {"pk": 12, "model": "clothes.clothes", "fields": {"client_category": 2, "price": 200000, "dress_category": 2, "dress_id": "7899", "dress_img": "uploads/clothes/topshop7899_2.jpg", "sale_percent": 70, "brand": 4}}, {"pk": 19, "model": "clothes.clothes", "fields": {"client_category": 1, "price": 400000, "dress_category": 3, "dress_id": "234", "dress_img": "uploads/clothes/zara234.jpg", "sale_percent": 0, "brand": 2}}, {"pk": 15, "model": "clothes.clothes", "fields": {"client_category": 2, "price": 8000, "dress_category": 1, "dress_id": "078", "dress_img": "uploads/clothes/benetton078.jpg", "sale_percent": 70, "brand": 3}}, {"pk": 20, "model": "clothes.clothes", "fields": {"client_category": 1, "price": 3000, "dress_category": 1, "dress_id": "4556", "dress_img": "uploads/clothes/zara4556.jpg", "sale_percent": 90, "brand": 2}}, {"pk": 21, "model": "clothes.clothes", "fields": {"client_category": 1, "price": 800000, "dress_category": 1, "dress_id": "1245", "dress_img": "uploads/clothes/zara1245.jpg", "sale_percent": 90, "brand": 2}}, {"pk": 22, "model": "clothes.clothes", "fields": {"client_category": 1, "price": 9000, "dress_category": 1, "dress_id": "890", "dress_img": "uploads/clothes/zara890.jpg", "sale_percent": 80, "brand": 2}}, {"pk": 23, "model": "clothes.clothes", "fields": {"client_category": 2, "price": 4900, "dress_category": 1, "dress_id": "8900", "dress_img": "uploads/clothes/zara8900.jpg", "sale_percent": 50, "brand": 2}}, {"pk": 24, "model": "clothes.clothes", "fields": {"client_category": 2, "price": 5000, "dress_category": 1, "dress_id": "900", "dress_img": "uploads/clothes/zara900.jpg", "sale_percent": 40, "brand": 2}}, {"pk": 25, "model": "clothes.clothes", "fields": {"client_category": 1, "price": 7800, "dress_category": 1, "dress_id": "789", "dress_img": "uploads/clothes/celio789.png", "sale_percent": 60, "brand": 5}}, {"pk": 27, "model": "clothes.clothes", "fields": {"client_category": 1, "price": 9000, "dress_category": 4, "dress_id": "9000", "dress_img": "uploads/clothes/celio9000.jpg", "sale_percent": 70, "brand": 5}}, {"pk": 28, "model": "clothes.clothes", "fields": {"client_category": 1, "price": 90000, "dress_category": 4, "dress_id": "7888", "dress_img": "uploads/clothes/celio7888.jpg", "sale_percent": 0, "brand": 5}}, {"pk": 29, "model": "clothes.clothes", "fields": {"client_category": 1, "price": 4000, "dress_category": 1, "dress_id": "90001", "dress_img": "uploads/clothes/celio90001.png", "sale_percent": 70, "brand": 5}}, {"pk": 30, "model": "clothes.clothes", "fields": {"client_category": 1, "price": 8000, "dress_category": 1, "dress_id": "1001", "dress_img": "uploads/clothes/celio1001.png", "sale_percent": 10, "brand": 5}}, {"pk": 31, "model": "clothes.clothes", "fields": {"client_category": 2, "price": 7000, "dress_category": 1, "dress_id": "901", "dress_img": "uploads/clothes/benetton901.jpg", "sale_percent": 90, "brand": 3}}, {"pk": 32, "model": "clothes.clothes", "fields": {"client_category": 2, "price": 7500, "dress_category": 1, "dress_id": "802", "dress_img": "uploads/clothes/benetton802.jpg", "sale_percent": 40, "brand": 3}}, {"pk": 33, "model": "clothes.clothes", "fields": {"client_category": 2, "price": 345, "dress_category": 3, "dress_id": "rew", "dress_img": "uploads/clothes/zararew.jpg", "sale_percent": 0, "brand": 2}}, {"pk": 34, "model": "clothes.clothes", "fields": {"client_category": 1, "price": 432, "dress_category": 3, "dress_id": "fdsf", "dress_img": "uploads/clothes/zarafdsf.jpg", "sale_percent": 432, "brand": 2}}, {"pk": 1, "model": "registration.user", "fields": {"gender": "M", "user": 1, "fname": "Kirill Kartashov", "subscriptions": [1, 2]}}, {"pk": 2, "model": "registration.user", "fields": {"gender": "", "user": 2, "fname": "", "subscriptions": []}}, {"pk": 3, "model": "registration.user", "fields": {"gender": "", "user": 3, "fname": "", "subscriptions": []}}, {"pk": 4, "model": "registration.user", "fields": {"gender": "", "user": 4, "fname": "", "subscriptions": []}}, {"pk": 5, "model": "registration.user", "fields": {"gender": "", "user": 5, "fname": "", "subscriptions": []}}, {"pk": 6, "model": "registration.user", "fields": {"gender": "", "user": 6, "fname": "", "subscriptions": []}}, {"pk": 7, "model": "registration.user", "fields": {"gender": "", "user": 7, "fname": "", "subscriptions": [1, 2, 3]}}, {"pk": 1, "model": "payment.order", "fields": {"payment_date": null, "create_date": "2012-05-12 12:59:57", "is_paid": false, "payment_system": "11", "phone": "453", "amount": 800000, "products": [21], "address": "say@tr", "buyer": 1, "email": "kkirill7@gmail.com"}}, {"pk": 2, "model": "payment.order", "fields": {"payment_date": null, "create_date": "2012-05-12 18:20:19", "is_paid": false, "payment_system": "11", "phone": "\u0430\u0432\u0430", "amount": 4000, "products": [29], "address": "dfdsf", "buyer": 1, "email": "kkirill7@gmail.com"}}, {"pk": 3, "model": "payment.order", "fields": {"payment_date": null, "create_date": "2012-05-14 11:41:48", "is_paid": false, "payment_system": "11", "phone": "rewr", "amount": 9000, "products": [1], "address": "rewr", "buyer": 1, "email": "kkirill7@gmail.com"}}, {"pk": 4, "model": "payment.order", "fields": {"payment_date": null, "create_date": "2012-05-14 11:42:34", "is_paid": false, "payment_system": "11", "phone": "rewr", "amount": 9000, "products": [1], "address": "rewr", "buyer": 1, "email": "kkirill7@gmail.com"}}, {"pk": 5, "model": "payment.order", "fields": {"payment_date": null, "create_date": "2012-05-14 12:37:39", "is_paid": false, "payment_system": "11", "phone": "rewr", "amount": 100000, "products": [6], "address": "rwer", "buyer": 1, "email": "kkirill7@gmail.com"}}, {"pk": 1, "model": "mailer.messagelog", "fields": {"when_attempted": "2012-05-14 11:48:41", "message_data": "Y2NvcHlfcmVnCl9yZWNvbnN0cnVjdG9yCnAwCihjZGphbmdvLmNvcmUubWFpbC5tZXNzYWdlCkVt\nYWlsTXVsdGlBbHRlcm5hdGl2ZXMKcDEKY19fYnVpbHRpbl9fCm9iamVjdApwMgpOdHAzClJwNAoo\nZHA1ClMnYm9keScKcDYKVm5ldyBpdGVtIGluIFphcmEKcDcKc1MnZXh0cmFfaGVhZGVycycKcDgK\nKGRwOQpzUydhdHRhY2htZW50cycKcDEwCihscDExCnNTJ2NjJwpwMTIKKGxwMTMKc1MnYWx0ZXJu\nYXRpdmVzJwpwMTQKKGxwMTUKKFZuZXcgaXRlbSBpbiBaYXJhCnAxNgpTJ3RleHQvaHRtbCcKcDE3\nCnRwMTgKYXNTJ2Zyb21fZW1haWwnCnAxOQpTJ3NkdWJha3NAZ21haWwuY29tJwpwMjAKc1MndG8n\nCnAyMQoobHAyMgpWa2tpcmlsbDdAZ21haWwuY29tCnAyMwphc1MnY29ubmVjdGlvbicKcDI0Ck5z\nUydiY2MnCnAyNQoobHAyNgpzUydzdWJqZWN0JwpwMjcKVk5ldyBpdGVtIQpwMjgKc2Iu\n", "when_added": "2012-05-14 11:46:13", "priority": "4", "result": "3", "log_message": "[Errno -2] Name or service not known"}}, {"pk": 2, "model": "mailer.messagelog", "fields": {"when_attempted": "2012-05-14 12:20:42", "message_data": "Y2NvcHlfcmVnCl9yZWNvbnN0cnVjdG9yCnAwCihjZGphbmdvLmNvcmUubWFpbC5tZXNzYWdlCkVt\nYWlsTXVsdGlBbHRlcm5hdGl2ZXMKcDEKY19fYnVpbHRpbl9fCm9iamVjdApwMgpOdHAzClJwNAoo\nZHA1ClMnYm9keScKcDYKVm5ldyBpdGVtIGluIFphcmEKcDcKc1MnZXh0cmFfaGVhZGVycycKcDgK\nKGRwOQpzUydhdHRhY2htZW50cycKcDEwCihscDExCnNTJ2NjJwpwMTIKKGxwMTMKc1MnYWx0ZXJu\nYXRpdmVzJwpwMTQKKGxwMTUKKFZuZXcgaXRlbSBpbiBaYXJhCnAxNgpTJ3RleHQvaHRtbCcKcDE3\nCnRwMTgKYXNTJ2Zyb21fZW1haWwnCnAxOQpTJ3NkdWJha3NAZ21haWwuY29tJwpwMjAKc1MndG8n\nCnAyMQoobHAyMgpWa2tpcmlsbDdAZ21haWwuY29tCnAyMwphc1MnY29ubmVjdGlvbicKcDI0Ck5z\nUydiY2MnCnAyNQoobHAyNgpzUydzdWJqZWN0JwpwMjcKVk5ldyBpdGVtIQpwMjgKc2Iu\n", "when_added": "2012-05-14 11:46:13", "priority": "4", "result": "3", "log_message": "[Errno -2] Name or service not known"}}, {"pk": 3, "model": "mailer.messagelog", "fields": {"when_attempted": "2012-05-14 12:37:42", "message_data": "Y2NvcHlfcmVnCl9yZWNvbnN0cnVjdG9yCnAwCihjZGphbmdvLmNvcmUubWFpbC5tZXNzYWdlCkVt\nYWlsTXVsdGlBbHRlcm5hdGl2ZXMKcDEKY19fYnVpbHRpbl9fCm9iamVjdApwMgpOdHAzClJwNAoo\nZHA1ClMnYm9keScKcDYKVm5ldyBpdGVtIGluIFphcmEKcDcKc1MnZXh0cmFfaGVhZGVycycKcDgK\nKGRwOQpzUydhdHRhY2htZW50cycKcDEwCihscDExCnNTJ2NjJwpwMTIKKGxwMTMKc1MnYWx0ZXJu\nYXRpdmVzJwpwMTQKKGxwMTUKKFZuZXcgaXRlbSBpbiBaYXJhCnAxNgpTJ3RleHQvaHRtbCcKcDE3\nCnRwMTgKYXNTJ2Zyb21fZW1haWwnCnAxOQpTJ3NkdWJha3NAZ21haWwuY29tJwpwMjAKc1MndG8n\nCnAyMQoobHAyMgpWa2tpcmlsbDdAZ21haWwuY29tCnAyMwphc1MnY29ubmVjdGlvbicKcDI0Ck5z\nUydiY2MnCnAyNQoobHAyNgpzUydzdWJqZWN0JwpwMjcKVk5ldyBpdGVtIQpwMjgKc2Iu\n", "when_added": "2012-05-14 12:36:57", "priority": "4", "result": "3", "log_message": "[Errno -2] Name or service not known"}}, {"pk": 4, "model": "mailer.messagelog", "fields": {"when_attempted": "2012-05-14 12:38:22", "message_data": "Y2NvcHlfcmVnCl9yZWNvbnN0cnVjdG9yCnAwCihjZGphbmdvLmNvcmUubWFpbC5tZXNzYWdlCkVt\nYWlsTXVsdGlBbHRlcm5hdGl2ZXMKcDEKY19fYnVpbHRpbl9fCm9iamVjdApwMgpOdHAzClJwNAoo\nZHA1ClMnYm9keScKcDYKVm5ldyBpdGVtIGluIFphcmEKcDcKc1MnZXh0cmFfaGVhZGVycycKcDgK\nKGRwOQpzUydhdHRhY2htZW50cycKcDEwCihscDExCnNTJ2NjJwpwMTIKKGxwMTMKc1MnYWx0ZXJu\nYXRpdmVzJwpwMTQKKGxwMTUKKFZuZXcgaXRlbSBpbiBaYXJhCnAxNgpTJ3RleHQvaHRtbCcKcDE3\nCnRwMTgKYXNTJ2Zyb21fZW1haWwnCnAxOQpTJ3NkdWJha3NAZ21haWwuY29tJwpwMjAKc1MndG8n\nCnAyMQoobHAyMgpWMTIzNEBtYWlsLnJ1CnAyMwphc1MnY29ubmVjdGlvbicKcDI0Ck5zUydiY2Mn\nCnAyNQoobHAyNgpzUydzdWJqZWN0JwpwMjcKVk5ldyBpdGVtIQpwMjgKc2Iu\n", "when_added": "2012-05-14 12:36:57", "priority": "4", "result": "3", "log_message": "[Errno -2] Name or service not known"}}, {"pk": 5, "model": "mailer.messagelog", "fields": {"when_attempted": "2012-05-14 12:40:42", "message_data": "Y2NvcHlfcmVnCl9yZWNvbnN0cnVjdG9yCnAwCihjZGphbmdvLmNvcmUubWFpbC5tZXNzYWdlCkVt\nYWlsTXVsdGlBbHRlcm5hdGl2ZXMKcDEKY19fYnVpbHRpbl9fCm9iamVjdApwMgpOdHAzClJwNAoo\nZHA1ClMnYm9keScKcDYKVm5ldyBpdGVtIGluIFphcmEKcDcKc1MnZXh0cmFfaGVhZGVycycKcDgK\nKGRwOQpzUydhdHRhY2htZW50cycKcDEwCihscDExCnNTJ2NjJwpwMTIKKGxwMTMKc1MnYWx0ZXJu\nYXRpdmVzJwpwMTQKKGxwMTUKKFZuZXcgaXRlbSBpbiBaYXJhCnAxNgpTJ3RleHQvaHRtbCcKcDE3\nCnRwMTgKYXNTJ2Zyb21fZW1haWwnCnAxOQpTJ3NkdWJha3NAZ21haWwuY29tJwpwMjAKc1MndG8n\nCnAyMQoobHAyMgpWa2tpcmlsbDdAZ21haWwuY29tCnAyMwphc1MnY29ubmVjdGlvbicKcDI0Ck5z\nUydiY2MnCnAyNQoobHAyNgpzUydzdWJqZWN0JwpwMjcKVk5ldyBpdGVtIQpwMjgKc2Iu\n", "when_added": "2012-05-14 11:46:13", "priority": "4", "result": "3", "log_message": "[Errno -2] Name or service not known"}}, {"pk": 6, "model": "mailer.messagelog", "fields": {"when_attempted": "2012-05-14 12:41:22", "message_data": "Y2NvcHlfcmVnCl9yZWNvbnN0cnVjdG9yCnAwCihjZGphbmdvLmNvcmUubWFpbC5tZXNzYWdlCkVt\nYWlsTXVsdGlBbHRlcm5hdGl2ZXMKcDEKY19fYnVpbHRpbl9fCm9iamVjdApwMgpOdHAzClJwNAoo\nZHA1ClMnYm9keScKcDYKVm5ldyBpdGVtIGluIFphcmEKcDcKc1MnZXh0cmFfaGVhZGVycycKcDgK\nKGRwOQpzUydhdHRhY2htZW50cycKcDEwCihscDExCnNTJ2NjJwpwMTIKKGxwMTMKc1MnYWx0ZXJu\nYXRpdmVzJwpwMTQKKGxwMTUKKFZuZXcgaXRlbSBpbiBaYXJhCnAxNgpTJ3RleHQvaHRtbCcKcDE3\nCnRwMTgKYXNTJ2Zyb21fZW1haWwnCnAxOQpTJ3NkdWJha3NAZ21haWwuY29tJwpwMjAKc1MndG8n\nCnAyMQoobHAyMgpWa2tpcmlsbDdAZ21haWwuY29tCnAyMwphc1MnY29ubmVjdGlvbicKcDI0Ck5z\nUydiY2MnCnAyNQoobHAyNgpzUydzdWJqZWN0JwpwMjcKVk5ldyBpdGVtIQpwMjgKc2Iu\n", "when_added": "2012-05-14 12:36:57", "priority": "4", "result": "3", "log_message": "[Errno -2] Name or service not known"}}, {"pk": 7, "model": "mailer.messagelog", "fields": {"when_attempted": "2012-05-14 12:42:02", "message_data": "Y2NvcHlfcmVnCl9yZWNvbnN0cnVjdG9yCnAwCihjZGphbmdvLmNvcmUubWFpbC5tZXNzYWdlCkVt\nYWlsTXVsdGlBbHRlcm5hdGl2ZXMKcDEKY19fYnVpbHRpbl9fCm9iamVjdApwMgpOdHAzClJwNAoo\nZHA1ClMnYm9keScKcDYKVm5ldyBpdGVtIGluIFphcmEKcDcKc1MnZXh0cmFfaGVhZGVycycKcDgK\nKGRwOQpzUydhdHRhY2htZW50cycKcDEwCihscDExCnNTJ2NjJwpwMTIKKGxwMTMKc1MnYWx0ZXJu\nYXRpdmVzJwpwMTQKKGxwMTUKKFZuZXcgaXRlbSBpbiBaYXJhCnAxNgpTJ3RleHQvaHRtbCcKcDE3\nCnRwMTgKYXNTJ2Zyb21fZW1haWwnCnAxOQpTJ3NkdWJha3NAZ21haWwuY29tJwpwMjAKc1MndG8n\nCnAyMQoobHAyMgpWMTIzNEBtYWlsLnJ1CnAyMwphc1MnY29ubmVjdGlvbicKcDI0Ck5zUydiY2Mn\nCnAyNQoobHAyNgpzUydzdWJqZWN0JwpwMjcKVk5ldyBpdGVtIQpwMjgKc2Iu\n", "when_added": "2012-05-14 12:36:57", "priority": "4", "result": "3", "log_message": "[Errno -2] Name or service not known"}}, {"pk": 8, "model": "mailer.messagelog", "fields": {"when_attempted": "2012-05-14 13:00:42", "message_data": "Y2NvcHlfcmVnCl9yZWNvbnN0cnVjdG9yCnAwCihjZGphbmdvLmNvcmUubWFpbC5tZXNzYWdlCkVt\nYWlsTXVsdGlBbHRlcm5hdGl2ZXMKcDEKY19fYnVpbHRpbl9fCm9iamVjdApwMgpOdHAzClJwNAoo\nZHA1ClMnYm9keScKcDYKVm5ldyBpdGVtIGluIFphcmEKcDcKc1MnZXh0cmFfaGVhZGVycycKcDgK\nKGRwOQpzUydhdHRhY2htZW50cycKcDEwCihscDExCnNTJ2NjJwpwMTIKKGxwMTMKc1MnYWx0ZXJu\nYXRpdmVzJwpwMTQKKGxwMTUKKFZuZXcgaXRlbSBpbiBaYXJhCnAxNgpTJ3RleHQvaHRtbCcKcDE3\nCnRwMTgKYXNTJ2Zyb21fZW1haWwnCnAxOQpTJ3NkdWJha3NAZ21haWwuY29tJwpwMjAKc1MndG8n\nCnAyMQoobHAyMgpWa2tpcmlsbDdAZ21haWwuY29tCnAyMwphc1MnY29ubmVjdGlvbicKcDI0Ck5z\nUydiY2MnCnAyNQoobHAyNgpzUydzdWJqZWN0JwpwMjcKVk5ldyBpdGVtIQpwMjgKc2Iu\n", "when_added": "2012-05-14 11:46:13", "priority": "4", "result": "3", "log_message": "[Errno -2] Name or service not known"}}, {"pk": 9, "model": "mailer.messagelog", "fields": {"when_attempted": "2012-05-14 13:01:22", "message_data": "Y2NvcHlfcmVnCl9yZWNvbnN0cnVjdG9yCnAwCihjZGphbmdvLmNvcmUubWFpbC5tZXNzYWdlCkVt\nYWlsTXVsdGlBbHRlcm5hdGl2ZXMKcDEKY19fYnVpbHRpbl9fCm9iamVjdApwMgpOdHAzClJwNAoo\nZHA1ClMnYm9keScKcDYKVm5ldyBpdGVtIGluIFphcmEKcDcKc1MnZXh0cmFfaGVhZGVycycKcDgK\nKGRwOQpzUydhdHRhY2htZW50cycKcDEwCihscDExCnNTJ2NjJwpwMTIKKGxwMTMKc1MnYWx0ZXJu\nYXRpdmVzJwpwMTQKKGxwMTUKKFZuZXcgaXRlbSBpbiBaYXJhCnAxNgpTJ3RleHQvaHRtbCcKcDE3\nCnRwMTgKYXNTJ2Zyb21fZW1haWwnCnAxOQpTJ3NkdWJha3NAZ21haWwuY29tJwpwMjAKc1MndG8n\nCnAyMQoobHAyMgpWa2tpcmlsbDdAZ21haWwuY29tCnAyMwphc1MnY29ubmVjdGlvbicKcDI0Ck5z\nUydiY2MnCnAyNQoobHAyNgpzUydzdWJqZWN0JwpwMjcKVk5ldyBpdGVtIQpwMjgKc2Iu\n", "when_added": "2012-05-14 12:36:57", "priority": "4", "result": "3", "log_message": "[Errno -2] Name or service not known"}}, {"pk": 10, "model": "mailer.messagelog", "fields": {"when_attempted": "2012-05-14 13:02:02", "message_data": "Y2NvcHlfcmVnCl9yZWNvbnN0cnVjdG9yCnAwCihjZGphbmdvLmNvcmUubWFpbC5tZXNzYWdlCkVt\nYWlsTXVsdGlBbHRlcm5hdGl2ZXMKcDEKY19fYnVpbHRpbl9fCm9iamVjdApwMgpOdHAzClJwNAoo\nZHA1ClMnYm9keScKcDYKVm5ldyBpdGVtIGluIFphcmEKcDcKc1MnZXh0cmFfaGVhZGVycycKcDgK\nKGRwOQpzUydhdHRhY2htZW50cycKcDEwCihscDExCnNTJ2NjJwpwMTIKKGxwMTMKc1MnYWx0ZXJu\nYXRpdmVzJwpwMTQKKGxwMTUKKFZuZXcgaXRlbSBpbiBaYXJhCnAxNgpTJ3RleHQvaHRtbCcKcDE3\nCnRwMTgKYXNTJ2Zyb21fZW1haWwnCnAxOQpTJ3NkdWJha3NAZ21haWwuY29tJwpwMjAKc1MndG8n\nCnAyMQoobHAyMgpWMTIzNEBtYWlsLnJ1CnAyMwphc1MnY29ubmVjdGlvbicKcDI0Ck5zUydiY2Mn\nCnAyNQoobHAyNgpzUydzdWJqZWN0JwpwMjcKVk5ldyBpdGVtIQpwMjgKc2Iu\n", "when_added": "2012-05-14 12:36:57", "priority": "4", "result": "3", "log_message": "[Errno -2] Name or service not known"}}, {"pk": 11, "model": "mailer.messagelog", "fields": {"when_attempted": "2012-05-14 13:20:41", "message_data": "Y2NvcHlfcmVnCl9yZWNvbnN0cnVjdG9yCnAwCihjZGphbmdvLmNvcmUubWFpbC5tZXNzYWdlCkVt\nYWlsTXVsdGlBbHRlcm5hdGl2ZXMKcDEKY19fYnVpbHRpbl9fCm9iamVjdApwMgpOdHAzClJwNAoo\nZHA1ClMnYm9keScKcDYKVm5ldyBpdGVtIGluIFphcmEKcDcKc1MnZXh0cmFfaGVhZGVycycKcDgK\nKGRwOQpzUydhdHRhY2htZW50cycKcDEwCihscDExCnNTJ2NjJwpwMTIKKGxwMTMKc1MnYWx0ZXJu\nYXRpdmVzJwpwMTQKKGxwMTUKKFZuZXcgaXRlbSBpbiBaYXJhCnAxNgpTJ3RleHQvaHRtbCcKcDE3\nCnRwMTgKYXNTJ2Zyb21fZW1haWwnCnAxOQpTJ3NkdWJha3NAZ21haWwuY29tJwpwMjAKc1MndG8n\nCnAyMQoobHAyMgpWa2tpcmlsbDdAZ21haWwuY29tCnAyMwphc1MnY29ubmVjdGlvbicKcDI0Ck5z\nUydiY2MnCnAyNQoobHAyNgpzUydzdWJqZWN0JwpwMjcKVk5ldyBpdGVtIQpwMjgKc2Iu\n", "when_added": "2012-05-14 11:46:13", "priority": "4", "result": "3", "log_message": "[Errno -2] Name or service not known"}}, {"pk": 12, "model": "mailer.messagelog", "fields": {"when_attempted": "2012-05-14 13:21:21", "message_data": "Y2NvcHlfcmVnCl9yZWNvbnN0cnVjdG9yCnAwCihjZGphbmdvLmNvcmUubWFpbC5tZXNzYWdlCkVt\nYWlsTXVsdGlBbHRlcm5hdGl2ZXMKcDEKY19fYnVpbHRpbl9fCm9iamVjdApwMgpOdHAzClJwNAoo\nZHA1ClMnYm9keScKcDYKVm5ldyBpdGVtIGluIFphcmEKcDcKc1MnZXh0cmFfaGVhZGVycycKcDgK\nKGRwOQpzUydhdHRhY2htZW50cycKcDEwCihscDExCnNTJ2NjJwpwMTIKKGxwMTMKc1MnYWx0ZXJu\nYXRpdmVzJwpwMTQKKGxwMTUKKFZuZXcgaXRlbSBpbiBaYXJhCnAxNgpTJ3RleHQvaHRtbCcKcDE3\nCnRwMTgKYXNTJ2Zyb21fZW1haWwnCnAxOQpTJ3NkdWJha3NAZ21haWwuY29tJwpwMjAKc1MndG8n\nCnAyMQoobHAyMgpWa2tpcmlsbDdAZ21haWwuY29tCnAyMwphc1MnY29ubmVjdGlvbicKcDI0Ck5z\nUydiY2MnCnAyNQoobHAyNgpzUydzdWJqZWN0JwpwMjcKVk5ldyBpdGVtIQpwMjgKc2Iu\n", "when_added": "2012-05-14 12:36:57", "priority": "4", "result": "3", "log_message": "[Errno -2] Name or service not known"}}, {"pk": 13, "model": "mailer.messagelog", "fields": {"when_attempted": "2012-05-14 13:22:01", "message_data": "Y2NvcHlfcmVnCl9yZWNvbnN0cnVjdG9yCnAwCihjZGphbmdvLmNvcmUubWFpbC5tZXNzYWdlCkVt\nYWlsTXVsdGlBbHRlcm5hdGl2ZXMKcDEKY19fYnVpbHRpbl9fCm9iamVjdApwMgpOdHAzClJwNAoo\nZHA1ClMnYm9keScKcDYKVm5ldyBpdGVtIGluIFphcmEKcDcKc1MnZXh0cmFfaGVhZGVycycKcDgK\nKGRwOQpzUydhdHRhY2htZW50cycKcDEwCihscDExCnNTJ2NjJwpwMTIKKGxwMTMKc1MnYWx0ZXJu\nYXRpdmVzJwpwMTQKKGxwMTUKKFZuZXcgaXRlbSBpbiBaYXJhCnAxNgpTJ3RleHQvaHRtbCcKcDE3\nCnRwMTgKYXNTJ2Zyb21fZW1haWwnCnAxOQpTJ3NkdWJha3NAZ21haWwuY29tJwpwMjAKc1MndG8n\nCnAyMQoobHAyMgpWMTIzNEBtYWlsLnJ1CnAyMwphc1MnY29ubmVjdGlvbicKcDI0Ck5zUydiY2Mn\nCnAyNQoobHAyNgpzUydzdWJqZWN0JwpwMjcKVk5ldyBpdGVtIQpwMjgKc2Iu\n", "when_added": "2012-05-14 12:36:57", "priority": "4", "result": "3", "log_message": "[Errno -2] Name or service not known"}}, {"pk": 14, "model": "mailer.messagelog", "fields": {"when_attempted": "2012-05-14 13:40:41", "message_data": "Y2NvcHlfcmVnCl9yZWNvbnN0cnVjdG9yCnAwCihjZGphbmdvLmNvcmUubWFpbC5tZXNzYWdlCkVt\nYWlsTXVsdGlBbHRlcm5hdGl2ZXMKcDEKY19fYnVpbHRpbl9fCm9iamVjdApwMgpOdHAzClJwNAoo\nZHA1ClMnYm9keScKcDYKVm5ldyBpdGVtIGluIFphcmEKcDcKc1MnZXh0cmFfaGVhZGVycycKcDgK\nKGRwOQpzUydhdHRhY2htZW50cycKcDEwCihscDExCnNTJ2NjJwpwMTIKKGxwMTMKc1MnYWx0ZXJu\nYXRpdmVzJwpwMTQKKGxwMTUKKFZuZXcgaXRlbSBpbiBaYXJhCnAxNgpTJ3RleHQvaHRtbCcKcDE3\nCnRwMTgKYXNTJ2Zyb21fZW1haWwnCnAxOQpTJ3NkdWJha3NAZ21haWwuY29tJwpwMjAKc1MndG8n\nCnAyMQoobHAyMgpWa2tpcmlsbDdAZ21haWwuY29tCnAyMwphc1MnY29ubmVjdGlvbicKcDI0Ck5z\nUydiY2MnCnAyNQoobHAyNgpzUydzdWJqZWN0JwpwMjcKVk5ldyBpdGVtIQpwMjgKc2Iu\n", "when_added": "2012-05-14 11:46:13", "priority": "4", "result": "3", "log_message": "[Errno -2] Name or service not known"}}, {"pk": 15, "model": "mailer.messagelog", "fields": {"when_attempted": "2012-05-14 13:41:21", "message_data": "Y2NvcHlfcmVnCl9yZWNvbnN0cnVjdG9yCnAwCihjZGphbmdvLmNvcmUubWFpbC5tZXNzYWdlCkVt\nYWlsTXVsdGlBbHRlcm5hdGl2ZXMKcDEKY19fYnVpbHRpbl9fCm9iamVjdApwMgpOdHAzClJwNAoo\nZHA1ClMnYm9keScKcDYKVm5ldyBpdGVtIGluIFphcmEKcDcKc1MnZXh0cmFfaGVhZGVycycKcDgK\nKGRwOQpzUydhdHRhY2htZW50cycKcDEwCihscDExCnNTJ2NjJwpwMTIKKGxwMTMKc1MnYWx0ZXJu\nYXRpdmVzJwpwMTQKKGxwMTUKKFZuZXcgaXRlbSBpbiBaYXJhCnAxNgpTJ3RleHQvaHRtbCcKcDE3\nCnRwMTgKYXNTJ2Zyb21fZW1haWwnCnAxOQpTJ3NkdWJha3NAZ21haWwuY29tJwpwMjAKc1MndG8n\nCnAyMQoobHAyMgpWa2tpcmlsbDdAZ21haWwuY29tCnAyMwphc1MnY29ubmVjdGlvbicKcDI0Ck5z\nUydiY2MnCnAyNQoobHAyNgpzUydzdWJqZWN0JwpwMjcKVk5ldyBpdGVtIQpwMjgKc2Iu\n", "when_added": "2012-05-14 12:36:57", "priority": "4", "result": "3", "log_message": "[Errno -2] Name or service not known"}}, {"pk": 16, "model": "mailer.messagelog", "fields": {"when_attempted": "2012-05-14 13:42:01", "message_data": "Y2NvcHlfcmVnCl9yZWNvbnN0cnVjdG9yCnAwCihjZGphbmdvLmNvcmUubWFpbC5tZXNzYWdlCkVt\nYWlsTXVsdGlBbHRlcm5hdGl2ZXMKcDEKY19fYnVpbHRpbl9fCm9iamVjdApwMgpOdHAzClJwNAoo\nZHA1ClMnYm9keScKcDYKVm5ldyBpdGVtIGluIFphcmEKcDcKc1MnZXh0cmFfaGVhZGVycycKcDgK\nKGRwOQpzUydhdHRhY2htZW50cycKcDEwCihscDExCnNTJ2NjJwpwMTIKKGxwMTMKc1MnYWx0ZXJu\nYXRpdmVzJwpwMTQKKGxwMTUKKFZuZXcgaXRlbSBpbiBaYXJhCnAxNgpTJ3RleHQvaHRtbCcKcDE3\nCnRwMTgKYXNTJ2Zyb21fZW1haWwnCnAxOQpTJ3NkdWJha3NAZ21haWwuY29tJwpwMjAKc1MndG8n\nCnAyMQoobHAyMgpWMTIzNEBtYWlsLnJ1CnAyMwphc1MnY29ubmVjdGlvbicKcDI0Ck5zUydiY2Mn\nCnAyNQoobHAyNgpzUydzdWJqZWN0JwpwMjcKVk5ldyBpdGVtIQpwMjgKc2Iu\n", "when_added": "2012-05-14 12:36:57", "priority": "4", "result": "3", "log_message": "[Errno -2] Name or service not known"}}, {"pk": 17, "model": "mailer.messagelog", "fields": {"when_attempted": "2012-05-14 15:40:41", "message_data": "Y2NvcHlfcmVnCl9yZWNvbnN0cnVjdG9yCnAwCihjZGphbmdvLmNvcmUubWFpbC5tZXNzYWdlCkVt\nYWlsTXVsdGlBbHRlcm5hdGl2ZXMKcDEKY19fYnVpbHRpbl9fCm9iamVjdApwMgpOdHAzClJwNAoo\nZHA1ClMnYm9keScKcDYKVm5ldyBpdGVtIGluIFphcmEKcDcKc1MnZXh0cmFfaGVhZGVycycKcDgK\nKGRwOQpzUydhdHRhY2htZW50cycKcDEwCihscDExCnNTJ2NjJwpwMTIKKGxwMTMKc1MnYWx0ZXJu\nYXRpdmVzJwpwMTQKKGxwMTUKKFZuZXcgaXRlbSBpbiBaYXJhCnAxNgpTJ3RleHQvaHRtbCcKcDE3\nCnRwMTgKYXNTJ2Zyb21fZW1haWwnCnAxOQpTJ3NkdWJha3NAZ21haWwuY29tJwpwMjAKc1MndG8n\nCnAyMQoobHAyMgpWa2tpcmlsbDdAZ21haWwuY29tCnAyMwphc1MnY29ubmVjdGlvbicKcDI0Ck5z\nUydiY2MnCnAyNQoobHAyNgpzUydzdWJqZWN0JwpwMjcKVk5ldyBpdGVtIQpwMjgKc2Iu\n", "when_added": "2012-05-14 11:46:13", "priority": "4", "result": "3", "log_message": "[Errno -2] Name or service not known"}}, {"pk": 18, "model": "mailer.messagelog", "fields": {"when_attempted": "2012-05-14 15:41:21", "message_data": "Y2NvcHlfcmVnCl9yZWNvbnN0cnVjdG9yCnAwCihjZGphbmdvLmNvcmUubWFpbC5tZXNzYWdlCkVt\nYWlsTXVsdGlBbHRlcm5hdGl2ZXMKcDEKY19fYnVpbHRpbl9fCm9iamVjdApwMgpOdHAzClJwNAoo\nZHA1ClMnYm9keScKcDYKVm5ldyBpdGVtIGluIFphcmEKcDcKc1MnZXh0cmFfaGVhZGVycycKcDgK\nKGRwOQpzUydhdHRhY2htZW50cycKcDEwCihscDExCnNTJ2NjJwpwMTIKKGxwMTMKc1MnYWx0ZXJu\nYXRpdmVzJwpwMTQKKGxwMTUKKFZuZXcgaXRlbSBpbiBaYXJhCnAxNgpTJ3RleHQvaHRtbCcKcDE3\nCnRwMTgKYXNTJ2Zyb21fZW1haWwnCnAxOQpTJ3NkdWJha3NAZ21haWwuY29tJwpwMjAKc1MndG8n\nCnAyMQoobHAyMgpWa2tpcmlsbDdAZ21haWwuY29tCnAyMwphc1MnY29ubmVjdGlvbicKcDI0Ck5z\nUydiY2MnCnAyNQoobHAyNgpzUydzdWJqZWN0JwpwMjcKVk5ldyBpdGVtIQpwMjgKc2Iu\n", "when_added": "2012-05-14 12:36:57", "priority": "4", "result": "3", "log_message": "[Errno -2] Name or service not known"}}, {"pk": 19, "model": "mailer.messagelog", "fields": {"when_attempted": "2012-05-14 15:42:01", "message_data": "Y2NvcHlfcmVnCl9yZWNvbnN0cnVjdG9yCnAwCihjZGphbmdvLmNvcmUubWFpbC5tZXNzYWdlCkVt\nYWlsTXVsdGlBbHRlcm5hdGl2ZXMKcDEKY19fYnVpbHRpbl9fCm9iamVjdApwMgpOdHAzClJwNAoo\nZHA1ClMnYm9keScKcDYKVm5ldyBpdGVtIGluIFphcmEKcDcKc1MnZXh0cmFfaGVhZGVycycKcDgK\nKGRwOQpzUydhdHRhY2htZW50cycKcDEwCihscDExCnNTJ2NjJwpwMTIKKGxwMTMKc1MnYWx0ZXJu\nYXRpdmVzJwpwMTQKKGxwMTUKKFZuZXcgaXRlbSBpbiBaYXJhCnAxNgpTJ3RleHQvaHRtbCcKcDE3\nCnRwMTgKYXNTJ2Zyb21fZW1haWwnCnAxOQpTJ3NkdWJha3NAZ21haWwuY29tJwpwMjAKc1MndG8n\nCnAyMQoobHAyMgpWMTIzNEBtYWlsLnJ1CnAyMwphc1MnY29ubmVjdGlvbicKcDI0Ck5zUydiY2Mn\nCnAyNQoobHAyNgpzUydzdWJqZWN0JwpwMjcKVk5ldyBpdGVtIQpwMjgKc2Iu\n", "when_added": "2012-05-14 12:36:57", "priority": "4", "result": "3", "log_message": "[Errno -2] Name or service not known"}}, {"pk": 20, "model": "mailer.messagelog", "fields": {"when_attempted": "2012-05-14 16:01:41", "message_data": "Y2NvcHlfcmVnCl9yZWNvbnN0cnVjdG9yCnAwCihjZGphbmdvLmNvcmUubWFpbC5tZXNzYWdlCkVt\nYWlsTXVsdGlBbHRlcm5hdGl2ZXMKcDEKY19fYnVpbHRpbl9fCm9iamVjdApwMgpOdHAzClJwNAoo\nZHA1ClMnYm9keScKcDYKVm5ldyBpdGVtIGluIFphcmEKcDcKc1MnZXh0cmFfaGVhZGVycycKcDgK\nKGRwOQpzUydhdHRhY2htZW50cycKcDEwCihscDExCnNTJ2NjJwpwMTIKKGxwMTMKc1MnYWx0ZXJu\nYXRpdmVzJwpwMTQKKGxwMTUKKFZuZXcgaXRlbSBpbiBaYXJhCnAxNgpTJ3RleHQvaHRtbCcKcDE3\nCnRwMTgKYXNTJ2Zyb21fZW1haWwnCnAxOQpTJ3NkdWJha3NAZ21haWwuY29tJwpwMjAKc1MndG8n\nCnAyMQoobHAyMgpWa2tpcmlsbDdAZ21haWwuY29tCnAyMwphc1MnY29ubmVjdGlvbicKcDI0Ck5z\nUydiY2MnCnAyNQoobHAyNgpzUydzdWJqZWN0JwpwMjcKVk5ldyBpdGVtIQpwMjgKc2Iu\n", "when_added": "2012-05-14 11:46:13", "priority": "4", "result": "3", "log_message": "[Errno -2] Name or service not known"}}, {"pk": 21, "model": "mailer.messagelog", "fields": {"when_attempted": "2012-05-14 16:02:21", "message_data": "Y2NvcHlfcmVnCl9yZWNvbnN0cnVjdG9yCnAwCihjZGphbmdvLmNvcmUubWFpbC5tZXNzYWdlCkVt\nYWlsTXVsdGlBbHRlcm5hdGl2ZXMKcDEKY19fYnVpbHRpbl9fCm9iamVjdApwMgpOdHAzClJwNAoo\nZHA1ClMnYm9keScKcDYKVm5ldyBpdGVtIGluIFphcmEKcDcKc1MnZXh0cmFfaGVhZGVycycKcDgK\nKGRwOQpzUydhdHRhY2htZW50cycKcDEwCihscDExCnNTJ2NjJwpwMTIKKGxwMTMKc1MnYWx0ZXJu\nYXRpdmVzJwpwMTQKKGxwMTUKKFZuZXcgaXRlbSBpbiBaYXJhCnAxNgpTJ3RleHQvaHRtbCcKcDE3\nCnRwMTgKYXNTJ2Zyb21fZW1haWwnCnAxOQpTJ3NkdWJha3NAZ21haWwuY29tJwpwMjAKc1MndG8n\nCnAyMQoobHAyMgpWa2tpcmlsbDdAZ21haWwuY29tCnAyMwphc1MnY29ubmVjdGlvbicKcDI0Ck5z\nUydiY2MnCnAyNQoobHAyNgpzUydzdWJqZWN0JwpwMjcKVk5ldyBpdGVtIQpwMjgKc2Iu\n", "when_added": "2012-05-14 12:36:57", "priority": "4", "result": "3", "log_message": "[Errno -2] Name or service not known"}}, {"pk": 22, "model": "mailer.messagelog", "fields": {"when_attempted": "2012-05-14 16:03:01", "message_data": "Y2NvcHlfcmVnCl9yZWNvbnN0cnVjdG9yCnAwCihjZGphbmdvLmNvcmUubWFpbC5tZXNzYWdlCkVt\nYWlsTXVsdGlBbHRlcm5hdGl2ZXMKcDEKY19fYnVpbHRpbl9fCm9iamVjdApwMgpOdHAzClJwNAoo\nZHA1ClMnYm9keScKcDYKVm5ldyBpdGVtIGluIFphcmEKcDcKc1MnZXh0cmFfaGVhZGVycycKcDgK\nKGRwOQpzUydhdHRhY2htZW50cycKcDEwCihscDExCnNTJ2NjJwpwMTIKKGxwMTMKc1MnYWx0ZXJu\nYXRpdmVzJwpwMTQKKGxwMTUKKFZuZXcgaXRlbSBpbiBaYXJhCnAxNgpTJ3RleHQvaHRtbCcKcDE3\nCnRwMTgKYXNTJ2Zyb21fZW1haWwnCnAxOQpTJ3NkdWJha3NAZ21haWwuY29tJwpwMjAKc1MndG8n\nCnAyMQoobHAyMgpWMTIzNEBtYWlsLnJ1CnAyMwphc1MnY29ubmVjdGlvbicKcDI0Ck5zUydiY2Mn\nCnAyNQoobHAyNgpzUydzdWJqZWN0JwpwMjcKVk5ldyBpdGVtIQpwMjgKc2Iu\n", "when_added": "2012-05-14 12:36:57", "priority": "4", "result": "3", "log_message": "[Errno -2] Name or service not known"}}, {"pk": 23, "model": "mailer.messagelog", "fields": {"when_attempted": "2012-05-14 18:20:07", "message_data": "Y2NvcHlfcmVnCl9yZWNvbnN0cnVjdG9yCnAwCihjZGphbmdvLmNvcmUubWFpbC5tZXNzYWdlCkVt\nYWlsTXVsdGlBbHRlcm5hdGl2ZXMKcDEKY19fYnVpbHRpbl9fCm9iamVjdApwMgpOdHAzClJwNAoo\nZHA1ClMnYm9keScKcDYKVm5ldyBpdGVtIGluIFphcmEKcDcKc1MnZXh0cmFfaGVhZGVycycKcDgK\nKGRwOQpzUydhdHRhY2htZW50cycKcDEwCihscDExCnNTJ2NjJwpwMTIKKGxwMTMKc1MnYWx0ZXJu\nYXRpdmVzJwpwMTQKKGxwMTUKKFZuZXcgaXRlbSBpbiBaYXJhCnAxNgpTJ3RleHQvaHRtbCcKcDE3\nCnRwMTgKYXNTJ2Zyb21fZW1haWwnCnAxOQpTJ3NkdWJha3NAZ21haWwuY29tJwpwMjAKc1MndG8n\nCnAyMQoobHAyMgpWa2tpcmlsbDdAZ21haWwuY29tCnAyMwphc1MnY29ubmVjdGlvbicKcDI0Ck5z\nUydiY2MnCnAyNQoobHAyNgpzUydzdWJqZWN0JwpwMjcKVk5ldyBpdGVtIQpwMjgKc2Iu\n", "when_added": "2012-05-14 11:46:13", "priority": "2", "result": "1", "log_message": ""}}, {"pk": 24, "model": "mailer.messagelog", "fields": {"when_attempted": "2012-05-14 18:20:10", "message_data": "Y2NvcHlfcmVnCl9yZWNvbnN0cnVjdG9yCnAwCihjZGphbmdvLmNvcmUubWFpbC5tZXNzYWdlCkVt\nYWlsTXVsdGlBbHRlcm5hdGl2ZXMKcDEKY19fYnVpbHRpbl9fCm9iamVjdApwMgpOdHAzClJwNAoo\nZHA1ClMnYm9keScKcDYKVm5ldyBpdGVtIGluIFphcmEKcDcKc1MnZXh0cmFfaGVhZGVycycKcDgK\nKGRwOQpzUydhdHRhY2htZW50cycKcDEwCihscDExCnNTJ2NjJwpwMTIKKGxwMTMKc1MnYWx0ZXJu\nYXRpdmVzJwpwMTQKKGxwMTUKKFZuZXcgaXRlbSBpbiBaYXJhCnAxNgpTJ3RleHQvaHRtbCcKcDE3\nCnRwMTgKYXNTJ2Zyb21fZW1haWwnCnAxOQpTJ3NkdWJha3NAZ21haWwuY29tJwpwMjAKc1MndG8n\nCnAyMQoobHAyMgpWa2tpcmlsbDdAZ21haWwuY29tCnAyMwphc1MnY29ubmVjdGlvbicKcDI0Ck5z\nUydiY2MnCnAyNQoobHAyNgpzUydzdWJqZWN0JwpwMjcKVk5ldyBpdGVtIQpwMjgKc2Iu\n", "when_added": "2012-05-14 12:36:57", "priority": "2", "result": "1", "log_message": ""}}, {"pk": 25, "model": "mailer.messagelog", "fields": {"when_attempted": "2012-05-14 18:20:14", "message_data": "Y2NvcHlfcmVnCl9yZWNvbnN0cnVjdG9yCnAwCihjZGphbmdvLmNvcmUubWFpbC5tZXNzYWdlCkVt\nYWlsTXVsdGlBbHRlcm5hdGl2ZXMKcDEKY19fYnVpbHRpbl9fCm9iamVjdApwMgpOdHAzClJwNAoo\nZHA1ClMnYm9keScKcDYKVm5ldyBpdGVtIGluIFphcmEKcDcKc1MnZXh0cmFfaGVhZGVycycKcDgK\nKGRwOQpzUydhdHRhY2htZW50cycKcDEwCihscDExCnNTJ2NjJwpwMTIKKGxwMTMKc1MnYWx0ZXJu\nYXRpdmVzJwpwMTQKKGxwMTUKKFZuZXcgaXRlbSBpbiBaYXJhCnAxNgpTJ3RleHQvaHRtbCcKcDE3\nCnRwMTgKYXNTJ2Zyb21fZW1haWwnCnAxOQpTJ3NkdWJha3NAZ21haWwuY29tJwpwMjAKc1MndG8n\nCnAyMQoobHAyMgpWMTIzNEBtYWlsLnJ1CnAyMwphc1MnY29ubmVjdGlvbicKcDI0Ck5zUydiY2Mn\nCnAyNQoobHAyNgpzUydzdWJqZWN0JwpwMjcKVk5ldyBpdGVtIQpwMjgKc2Iu\n", "when_added": "2012-05-14 12:36:57", "priority": "2", "result": "1", "log_message": ""}}, {"pk": 23, "model": "admin.logentry", "fields": {"action_flag": 1, "action_time": "2012-05-14 11:42:31", "object_repr": "localhost:8000", "object_id": "2", "change_message": "", "user": 1, "content_type": 7}}, {"pk": 22, "model": "admin.logentry", "fields": {"action_flag": 2, "action_time": "2012-05-12 12:58:57", "object_repr": "qwer", "object_id": "6", "change_message": "\u0418\u0437\u043c\u0435\u043d\u0435\u043d is_staff.", "user": 1, "content_type": 3}}, {"pk": 21, "model": "admin.logentry", "fields": {"action_flag": 2, "action_time": "2012-05-12 12:33:10", "object_repr": "Celio", "object_id": "5", "change_message": "\u0418\u0437\u043c\u0435\u043d\u0435\u043d manager.", "user": 1, "content_type": 10}}, {"pk": 20, "model": "admin.logentry", "fields": {"action_flag": 1, "action_time": "2012-05-12 12:32:08", "object_repr": "Celio", "object_id": "5", "change_message": "", "user": 1, "content_type": 10}}, {"pk": 19, "model": "admin.logentry", "fields": {"action_flag": 2, "action_time": "2012-05-12 12:19:36", "object_repr": "TopShop", "object_id": "4", "change_message": "\u0418\u0437\u043c\u0435\u043d\u0435\u043d manager.", "user": 1, "content_type": 10}}, {"pk": 18, "model": "admin.logentry", "fields": {"action_flag": 2, "action_time": "2012-05-12 12:19:29", "object_repr": "Benetton", "object_id": "3", "change_message": "\u0418\u0437\u043c\u0435\u043d\u0435\u043d manager.", "user": 1, "content_type": 10}}, {"pk": 17, "model": "admin.logentry", "fields": {"action_flag": 2, "action_time": "2012-05-12 12:14:58", "object_repr": "Benetton", "object_id": "3", "change_message": "\u0418\u0437\u043c\u0435\u043d\u0435\u043d manager.", "user": 1, "content_type": 10}}, {"pk": 16, "model": "admin.logentry", "fields": {"action_flag": 2, "action_time": "2012-05-12 12:14:51", "object_repr": "TopShop", "object_id": "4", "change_message": "\u0418\u0437\u043c\u0435\u043d\u0435\u043d manager.", "user": 1, "content_type": 10}}, {"pk": 15, "model": "admin.logentry", "fields": {"action_flag": 1, "action_time": "2012-05-12 12:12:21", "object_repr": "TopShop", "object_id": "4", "change_message": "", "user": 1, "content_type": 10}}, {"pk": 14, "model": "admin.logentry", "fields": {"action_flag": 1, "action_time": "2012-05-12 12:11:23", "object_repr": "Benetton", "object_id": "3", "change_message": "", "user": 1, "content_type": 10}}, {"pk": 13, "model": "admin.logentry", "fields": {"action_flag": 1, "action_time": "2012-05-12 12:04:41", "object_repr": "\u0410\u043a\u0441\u0435\u0441\u0441\u0443\u0430\u0440\u044b", "object_id": "4", "change_message": "", "user": 1, "content_type": 8}}, {"pk": 12, "model": "admin.logentry", "fields": {"action_flag": 1, "action_time": "2012-05-12 12:04:32", "object_repr": "\u041e\u0431\u0443\u0432\u044c", "object_id": "3", "change_message": "", "user": 1, "content_type": 8}}, {"pk": 11, "model": "admin.logentry", "fields": {"action_flag": 1, "action_time": "2012-05-12 12:04:26", "object_repr": "\u041d\u0438\u0437", "object_id": "2", "change_message": "", "user": 1, "content_type": 8}}, {"pk": 10, "model": "admin.logentry", "fields": {"action_flag": 1, "action_time": "2012-05-12 12:04:20", "object_repr": "\u0412\u0435\u0440\u0445", "object_id": "1", "change_message": "", "user": 1, "content_type": 8}}, {"pk": 9, "model": "admin.logentry", "fields": {"action_flag": 2, "action_time": "2012-05-12 12:00:41", "object_repr": "Adidas", "object_id": "1", "change_message": "\u0418\u0437\u043c\u0435\u043d\u0435\u043d manager.", "user": 1, "content_type": 10}}, {"pk": 8, "model": "admin.logentry", "fields": {"action_flag": 2, "action_time": "2012-05-12 12:00:21", "object_repr": "aidana", "object_id": "2", "change_message": "\u0418\u0437\u043c\u0435\u043d\u0435\u043d is_staff.", "user": 1, "content_type": 3}}, {"pk": 7, "model": "admin.logentry", "fields": {"action_flag": 2, "action_time": "2012-05-12 11:56:26", "object_repr": "Adidas", "object_id": "1", "change_message": "\u0418\u0437\u043c\u0435\u043d\u0435\u043d logo.", "user": 1, "content_type": 10}}, {"pk": 6, "model": "admin.logentry", "fields": {"action_flag": 1, "action_time": "2012-05-12 11:50:21", "object_repr": "Zara", "object_id": "2", "change_message": "", "user": 1, "content_type": 10}}, {"pk": 5, "model": "admin.logentry", "fields": {"action_flag": 1, "action_time": "2012-05-12 11:49:31", "object_repr": "Adidas", "object_id": "1", "change_message": "", "user": 1, "content_type": 10}}, {"pk": 4, "model": "admin.logentry", "fields": {"action_flag": 1, "action_time": "2012-05-12 11:49:16", "object_repr": "Children", "object_id": "3", "change_message": "", "user": 1, "content_type": 9}}, {"pk": 3, "model": "admin.logentry", "fields": {"action_flag": 1, "action_time": "2012-05-12 11:49:02", "object_repr": "women", "object_id": "2", "change_message": "", "user": 1, "content_type": 9}}, {"pk": 2, "model": "admin.logentry", "fields": {"action_flag": 1, "action_time": "2012-05-12 11:48:58", "object_repr": "Men", "object_id": "1", "change_message": "", "user": 1, "content_type": 9}}, {"pk": 1, "model": "admin.logentry", "fields": {"action_flag": 1, "action_time": "2012-05-12 11:43:39", "object_repr": "kirill", "object_id": "1", "change_message": "", "user": 1, "content_type": 12}}, {"pk": 52, "model": "auth.permission", "fields": {"codename": "add_logentry", "name": "Can add log entry", "content_type": 18}}, {"pk": 53, "model": "auth.permission", "fields": {"codename": "change_logentry", "name": "Can change log entry", "content_type": 18}}, {"pk": 54, "model": "auth.permission", "fields": {"codename": "delete_logentry", "name": "Can delete log entry", "content_type": 18}}, {"pk": 4, "model": "auth.permission", "fields": {"codename": "add_group", "name": "Can add group", "content_type": 2}}, {"pk": 5, "model": "auth.permission", "fields": {"codename": "change_group", "name": "Can change group", "content_type": 2}}, {"pk": 6, "model": "auth.permission", "fields": {"codename": "delete_group", "name": "Can delete group", "content_type": 2}}, {"pk": 10, "model": "auth.permission", "fields": {"codename": "add_message", "name": "Can add message", "content_type": 4}}, {"pk": 11, "model": "auth.permission", "fields": {"codename": "change_message", "name": "Can change message", "content_type": 4}}, {"pk": 12, "model": "auth.permission", "fields": {"codename": "delete_message", "name": "Can delete message", "content_type": 4}}, {"pk": 1, "model": "auth.permission", "fields": {"codename": "add_permission", "name": "Can add permission", "content_type": 1}}, {"pk": 2, "model": "auth.permission", "fields": {"codename": "change_permission", "name": "Can change permission", "content_type": 1}}, {"pk": 3, "model": "auth.permission", "fields": {"codename": "delete_permission", "name": "Can delete permission", "content_type": 1}}, {"pk": 7, "model": "auth.permission", "fields": {"codename": "add_user", "name": "Can add user", "content_type": 3}}, {"pk": 8, "model": "auth.permission", "fields": {"codename": "change_user", "name": "Can change user", "content_type": 3}}, {"pk": 9, "model": "auth.permission", "fields": {"codename": "delete_user", "name": "Can delete user", "content_type": 3}}, {"pk": 28, "model": "auth.permission", "fields": {"codename": "add_brand", "name": "Can add \u0411\u0440\u044d\u043d\u0434", "content_type": 10}}, {"pk": 29, "model": "auth.permission", "fields": {"codename": "change_brand", "name": "Can change \u0411\u0440\u044d\u043d\u0434", "content_type": 10}}, {"pk": 30, "model": "auth.permission", "fields": {"codename": "delete_brand", "name": "Can delete \u0411\u0440\u044d\u043d\u0434", "content_type": 10}}, {"pk": 25, "model": "auth.permission", "fields": {"codename": "add_clientcategory", "name": "Can add \u041a\u0430\u0442\u0435\u0433\u043e\u0440\u0438\u044f \u043a\u043b\u0438\u0435\u043d\u0442\u0430", "content_type": 9}}, {"pk": 26, "model": "auth.permission", "fields": {"codename": "change_clientcategory", "name": "Can change \u041a\u0430\u0442\u0435\u0433\u043e\u0440\u0438\u044f \u043a\u043b\u0438\u0435\u043d\u0442\u0430", "content_type": 9}}, {"pk": 27, "model": "auth.permission", "fields": {"codename": "delete_clientcategory", "name": "Can delete \u041a\u0430\u0442\u0435\u0433\u043e\u0440\u0438\u044f \u043a\u043b\u0438\u0435\u043d\u0442\u0430", "content_type": 9}}, {"pk": 31, "model": "auth.permission", "fields": {"codename": "add_clothes", "name": "Can add \u0412\u0435\u0449\u044c", "content_type": 11}}, {"pk": 32, "model": "auth.permission", "fields": {"codename": "change_clothes", "name": "Can change \u0412\u0435\u0449\u044c", "content_type": 11}}, {"pk": 33, "model": "auth.permission", "fields": {"codename": "delete_clothes", "name": "Can delete \u0412\u0435\u0449\u044c", "content_type": 11}}, {"pk": 22, "model": "auth.permission", "fields": {"codename": "add_clothescategory", "name": "Can add \u0422\u0438\u043f \u043e\u0434\u0435\u0436\u0434\u044b", "content_type": 8}}, {"pk": 23, "model": "auth.permission", "fields": {"codename": "change_clothescategory", "name": "Can change \u0422\u0438\u043f \u043e\u0434\u0435\u0436\u0434\u044b", "content_type": 8}}, {"pk": 24, "model": "auth.permission", "fields": {"codename": "delete_clothescategory", "name": "Can delete \u0422\u0438\u043f \u043e\u0434\u0435\u0436\u0434\u044b", "content_type": 8}}, {"pk": 13, "model": "auth.permission", "fields": {"codename": "add_contenttype", "name": "Can add content type", "content_type": 5}}, {"pk": 14, "model": "auth.permission", "fields": {"codename": "change_contenttype", "name": "Can change content type", "content_type": 5}}, {"pk": 15, "model": "auth.permission", "fields": {"codename": "delete_contenttype", "name": "Can delete content type", "content_type": 5}}, {"pk": 46, "model": "auth.permission", "fields": {"codename": "add_dontsendentry", "name": "Can add don't send entry", "content_type": 16}}, {"pk": 47, "model": "auth.permission", "fields": {"codename": "change_dontsendentry", "name": "Can change don't send entry", "content_type": 16}}, {"pk": 48, "model": "auth.permission", "fields": {"codename": "delete_dontsendentry", "name": "Can delete don't send entry", "content_type": 16}}, {"pk": 43, "model": "auth.permission", "fields": {"codename": "add_message", "name": "Can add message", "content_type": 15}}, {"pk": 44, "model": "auth.permission", "fields": {"codename": "change_message", "name": "Can change message", "content_type": 15}}, {"pk": 45, "model": "auth.permission", "fields": {"codename": "delete_message", "name": "Can delete message", "content_type": 15}}, {"pk": 49, "model": "auth.permission", "fields": {"codename": "add_messagelog", "name": "Can add message log", "content_type": 17}}, {"pk": 50, "model": "auth.permission", "fields": {"codename": "change_messagelog", "name": "Can change message log", "content_type": 17}}, {"pk": 51, "model": "auth.permission", "fields": {"codename": "delete_messagelog", "name": "Can delete message log", "content_type": 17}}, {"pk": 37, "model": "auth.permission", "fields": {"codename": "add_order", "name": "Can add order", "content_type": 13}}, {"pk": 38, "model": "auth.permission", "fields": {"codename": "change_order", "name": "Can change order", "content_type": 13}}, {"pk": 39, "model": "auth.permission", "fields": {"codename": "delete_order", "name": "Can delete order", "content_type": 13}}, {"pk": 40, "model": "auth.permission", "fields": {"codename": "add_orderstatus", "name": "Can add order status", "content_type": 14}}, {"pk": 41, "model": "auth.permission", "fields": {"codename": "change_orderstatus", "name": "Can change order status", "content_type": 14}}, {"pk": 42, "model": "auth.permission", "fields": {"codename": "delete_orderstatus", "name": "Can delete order status", "content_type": 14}}, {"pk": 34, "model": "auth.permission", "fields": {"codename": "add_user", "name": "Can add user", "content_type": 12}}, {"pk": 35, "model": "auth.permission", "fields": {"codename": "change_user", "name": "Can change user", "content_type": 12}}, {"pk": 36, "model": "auth.permission", "fields": {"codename": "delete_user", "name": "Can delete user", "content_type": 12}}, {"pk": 16, "model": "auth.permission", "fields": {"codename": "add_session", "name": "Can add session", "content_type": 6}}, {"pk": 17, "model": "auth.permission", "fields": {"codename": "change_session", "name": "Can change session", "content_type": 6}}, {"pk": 18, "model": "auth.permission", "fields": {"codename": "delete_session", "name": "Can delete session", "content_type": 6}}, {"pk": 19, "model": "auth.permission", "fields": {"codename": "add_site", "name": "Can add site", "content_type": 7}}, {"pk": 20, "model": "auth.permission", "fields": {"codename": "change_site", "name": "Can change site", "content_type": 7}}, {"pk": 21, "model": "auth.permission", "fields": {"codename": "delete_site", "name": "Can delete site", "content_type": 7}}, {"pk": 1, "model": "auth.user", "fields": {"username": "kirill", "first_name": "", "last_name": "", "is_active": true, "is_superuser": true, "is_staff": true, "last_login": "2012-05-14 12:36:33", "groups": [], "user_permissions": [], "password": "sha1$8bcda$0a4f0bc16199c64f40ac05171bb481b3f4f71730", "email": "kkirill7@gmail.com", "date_joined": "2012-05-12 11:42:27"}}, {"pk": 2, "model": "auth.user", "fields": {"username": "aidana", "first_name": "", "last_name": "", "is_active": true, "is_superuser": false, "is_staff": true, "last_login": "2012-05-12 12:02:57", "groups": [], "user_permissions": [], "password": "sha1$f1349$e8133b7c6e4af034965377f725e2c0de9a164ba9", "email": "aidana.jakanova@gmail.com", "date_joined": "2012-05-12 11:59:26"}}, {"pk": 3, "model": "auth.user", "fields": {"username": "saygon", "first_name": "", "last_name": "", "is_active": true, "is_superuser": false, "is_staff": false, "last_login": "2012-05-12 12:18:59", "groups": [], "user_permissions": [], "password": "sha1$3587f$c31e8a7c2817c7d997e490def0ad085703ac2b5f", "email": "saygon91@gmail.com", "date_joined": "2012-05-12 12:18:59"}}, {"pk": 4, "model": "auth.user", "fields": {"username": "nurs", "first_name": "", "last_name": "", "is_active": true, "is_superuser": false, "is_staff": false, "last_login": "2012-05-12 12:19:11", "groups": [], "user_permissions": [], "password": "sha1$e0d55$70f38377793792f154ab24e8f92c56474e9fb280", "email": "nurs@mail.ru", "date_joined": "2012-05-12 12:19:11"}}, {"pk": 5, "model": "auth.user", "fields": {"username": "sai", "first_name": "", "last_name": "", "is_active": true, "is_superuser": false, "is_staff": false, "last_login": "2012-05-12 12:31:23", "groups": [], "user_permissions": [], "password": "sha1$bc44a$c5f8b8498bc727ee30b318915fd0eaa8b2f72c7e", "email": "sai@mail.ru", "date_joined": "2012-05-12 12:31:23"}}, {"pk": 6, "model": "auth.user", "fields": {"username": "qwer", "first_name": "", "last_name": "", "is_active": true, "is_superuser": false, "is_staff": true, "last_login": "2012-05-12 12:55:49", "groups": [], "user_permissions": [], "password": "sha1$a8be8$80cd8e7715f2cce28aeefaa4ec506817084812b3", "email": "as@dr.ru", "date_joined": "2012-05-12 12:55:49"}}, {"pk": 7, "model": "auth.user", "fields": {"username": "diyar", "first_name": "", "last_name": "", "is_active": true, "is_superuser": false, "is_staff": false, "last_login": "2012-05-14 12:35:15", "groups": [], "user_permissions": [], "password": "sha1$ab5e2$58c642f12b763886df5f2ee82740f0fdbcc17b26", "email": "1234@mail.ru", "date_joined": "2012-05-14 12:35:08"}}]